path,label
4UI62PHL23.jpg,without_mask
RRSO68SM72.jpg,with_mask
TD3YJ1XHNB.png,without_mask
75G69FVAWD.png,mask_weared_incorrect
WFSJJ1N8QM.jpg,without_mask
RROB5Z0KE2.png,with_mask
2CZJUT0I49.png,with_mask
5T6HMUIJRA.jpg,without_mask
ONPOMYZI37.jpg,without_mask
WLFZEHD39N.png,with_mask
QV5UF455KW.png,with_mask
LATMZO1L67.jpg,without_mask
V4O1MXC687.png,with_mask
5W59DJR1I1.jpg,with_mask
BC22XEQ42D.png,mask_weared_incorrect
1HKAFQ504L.png,mask_weared_incorrect
QUSZCXZ6YE.jpg,without_mask
ULNKEWP3ZY.png,without_mask
DGLX6NH88Y.png,mask_weared_incorrect
Y0OL93NQOB.jpg,with_mask
5L8MEDEKSY.jpg,without_mask
A8YX6X4LZK.png,mask_weared_incorrect
511PWA467M.jpg,without_mask
9EAWECDTX6.png,mask_weared_incorrect
DOOB21AEDK.jpg,without_mask
01AGOUVJAC.png,with_mask
R5GYE430HJ.png,with_mask
DTCTCRQJ77.jpg,without_mask
AHYRP6XS1X.png,mask_weared_incorrect
UOR1BY729O.png,without_mask
C77PWP3713.jpg,with_mask
NNZ4MDH482.jpg,with_mask
XXFRY87WI0.png,with_mask
ZZ5RBGHAAN.jpg,without_mask
KLZMPPVA70.jpg,without_mask
8R9WG5PAPF.jpg,without_mask
WSPTS2WYW9.jpg,with_mask
1EHYFJHU5H.jpg,without_mask
UK2QGBOZ93.png,with_mask
S7OYZ4GCC9.png,without_mask
RRSL22TK21.png,with_mask
A7QCX8NQ57.png,mask_weared_incorrect
SS3TLVGECO.png,with_mask
V3N2XB5YOX.png,with_mask
4FIU2ZIQTC.jpg,without_mask
GAAL66BDYN.jpg,without_mask
5A59QQJXH6.jpg,without_mask
9WNQHLWUIG.jpg,without_mask
Z0OWQRMTS3.jpg,without_mask
9NQJYEXZK1.jpg,without_mask
GWBO6EF5CY.png,mask_weared_incorrect
XTVB9KL97M.png,with_mask
8HZK522JTJ.jpg,with_mask
2E536O6DA1.jpg,with_mask
J94CULBOHV.jpg,without_mask
TZ79R8WDG1.png,without_mask
S0BIVJVC8N.png,without_mask
PQ1MFTVVEO.jpg,with_mask
TED9BHDOW1.png,with_mask
TDSHR222U5.jpg,mask_weared_incorrect
A1FUAR8AVD.png,mask_weared_incorrect
6A5IWS2AF5.png,mask_weared_incorrect
45FKUOTQYR.jpg,without_mask
8TYN4ZD6F0.jpg,without_mask
93I2O4OHDU.png,mask_weared_incorrect
UEMJG50NX9.png,with_mask
ESPLU0FX51.png,mask_weared_incorrect
BXIV00PO5G.jpg,with_mask
MTN9349730.jpg,with_mask
W78KYAFHDX.png,with_mask
TQ5UIHF7OF.png,with_mask
RUKMJCA8NT.jpg,without_mask
ZCPNGYDOHH.jpg,without_mask
CFCZOBLXH1.jpg,without_mask
UB2X2I56IE.png,with_mask
3MSJSILJS0.png,mask_weared_incorrect
UWK4UDN46D.png,with_mask
3ETNHI0YCM.png,with_mask
V0ULD9M3EG.jpg,with_mask
TEECDSVMOR.jpg,without_mask
R97UX6YKTE.jpg,with_mask
2MD8J8F5XC.png,mask_weared_incorrect
RA91V92ONL.png,without_mask
F2KLTKM66B.jpg,with_mask
EALQ9K2U75.jpg,without_mask
6CUYSKMEO1.jpg,without_mask
P73JP48JDS.jpg,with_mask
2K09J9ZJM1.png,mask_weared_incorrect
1F9U8RGK0V.jpg,mask_weared_incorrect
QY7V79RMG0.png,mask_weared_incorrect
UWE5Z7HVFB.jpg,without_mask
VW7UHKWZBJ.png,with_mask
2Z0DLIQ038.png,mask_weared_incorrect
K98M2PQDMX.jpg,without_mask
8T2CZJZWQ7.png,mask_weared_incorrect
UOUBKVFRSU.png,without_mask
2AKU6F1B5R.png,with_mask
6IHBKG5A14.jpg,without_mask
BPW6F4PLM8.png,mask_weared_incorrect
XTWFUDFTV1.png,mask_weared_incorrect
3QG14RZ82O.jpg,with_mask
E0CHMJP9ES.png,mask_weared_incorrect
65R4EJVW0U.png,mask_weared_incorrect
TJ3XCUUZBP.png,without_mask
U65NHX9WK6.png,without_mask
QW233OPHXI.png,with_mask
FAHIHEQUBD.jpg,with_mask
W6J93UYTM3.png,mask_weared_incorrect
XC9CVOFRIR.png,with_mask
3744JFBK40.jpg,without_mask
SRRXDKNZBH.png,without_mask
CCXOD10GOC.png,mask_weared_incorrect
C7BX38ASQM.png,mask_weared_incorrect
6K3CEV52L6.png,with_mask
POBWBRWCQL.jpg,without_mask
WE2JWLT2ME.png,with_mask
2DAQ2TFCYL.jpg,with_mask
2YVKBYVRPP.png,with_mask
XC148Y18Y2.jpg,without_mask
VUHVVI3OVK.jpg,without_mask
WCCGLWPA8B.png,with_mask
POQSJPXH5X.jpg,with_mask
QDZL5XY9NX.jpg,without_mask
DW35BEHNF8.png,mask_weared_incorrect
TTWD34142G.jpg,without_mask
TFQTPAFDXF.png,without_mask
0NL1DJ0VQ7.png,with_mask
BNJ4KYW915.jpg,without_mask
5A0WAIZZQA.jpg,without_mask
SLA0ADJDHW.png,without_mask
GFCYR8UE95.png,mask_weared_incorrect
6D3OMOKU7T.jpg,without_mask
VD2QD0XBEX.jpg,with_mask
DENWXY9E6T.png,mask_weared_incorrect
CJAYH7UPX8.jpg,without_mask
BEG9M18UVN.png,mask_weared_incorrect
QZ1M8ED8YN.png,with_mask
769FFER9PD.jpg,without_mask
QX4AR7J4ZG.png,without_mask
QEPO5HAO0D.jpg,with_mask
TSNL2A6GUP.jpg,without_mask
DSNLC30WCD.jpg,with_mask
Q4HBUGSJWM.png,without_mask
DK76I017KL.jpg,with_mask
9H72GXLRJX.jpg,without_mask
1TZI1V95HU.png,with_mask
EZ6D8LM6SF.jpg,without_mask
ZNWTWUDV4J.png,mask_weared_incorrect
57CQ39JNCA.jpg,without_mask
WUM8X4QIC8.jpg,with_mask
9O8FPZVMLU.png,mask_weared_incorrect
RAAMPG2N0D.jpg,with_mask
3NE6MHTIFR.png,with_mask
2J61TPP4QK.png,with_mask
6EJA0BLXX0.png,mask_weared_incorrect
F68MG9AOUN.png,mask_weared_incorrect
QNG9Z8Q0ZA.png,without_mask
R60EV7K2G1.jpg,with_mask
3QSUPIAJ28.jpg,with_mask
GQ9VJ6TPUJ.png,mask_weared_incorrect
292M60M83X.jpg,without_mask
UOFKQLPSB1.jpg,without_mask
73F45CMWZJ.jpg,with_mask
6O6F9QTS87.jpg,without_mask
IHW9RH9LS8.jpg,with_mask
ILNZGQ42A6.jpg,without_mask
T9KQ2OTNLD.png,without_mask
J8QLAYPKW3.jpg,with_mask
ULJRI36XLT.png,without_mask
F3BQOPLPMV.png,mask_weared_incorrect
10DBTBO71V.jpg,without_mask
44V7VI2OCJ.png,mask_weared_incorrect
3G5WQ4GILL.jpg,without_mask
88228XSLQA.jpg,without_mask
P6PND32NIA.jpg,without_mask
NY48W19EDS.jpg,with_mask
9QUC0XVEBE.jpg,with_mask
X0RRWZ10NT.jpg,without_mask
FHI82QYLAK.png,mask_weared_incorrect
W8T7RK50XQ.png,with_mask
PQ76YXQ650.png,without_mask
QXNJ53AVN9.png,with_mask
ES1WAZH4WA.png,mask_weared_incorrect
QL9QBZJSRF.png,without_mask
ZTTX58GNLI.png,mask_weared_incorrect
DPQXHYE20S.png,mask_weared_incorrect
Y3FU654KNN.png,with_mask
GRVBBB55FR.jpg,with_mask
DFK1GC40UB.png,mask_weared_incorrect
RQC9IYDE1V.jpg,without_mask
HVDW9FJH28.jpg,without_mask
36L6ZKKK6O.png,mask_weared_incorrect
8F9ZWFUQPT.jpg,with_mask
RLESDSXSSR.jpg,with_mask
PYQLQG42MN.png,without_mask
3ZCNKMHAAZ.jpg,without_mask
9L0D2BVSV3.png,mask_weared_incorrect
SW7B4ZQSOV.png,without_mask
WJJQ1V56QZ.png,with_mask
38IY4U19S1.png,mask_weared_incorrect
QMO17FLUXF.jpg,with_mask
5TARS3N1NC.png,mask_weared_incorrect
1IS7IG5L8V.png,with_mask
0U5IZ1BMI5.png,with_mask
6EF57RRK1R.jpg,without_mask
C26NSGMIBH.png,mask_weared_incorrect
XQ53R9AEJH.png,with_mask
U98623L39M.png,without_mask
NB4AN54S1Q.jpg,without_mask
RF5UC7GAZE.png,with_mask
FGPGYVHP9Y.png,mask_weared_incorrect
SVW3N8812E.jpg,without_mask
290ZPUUCUO.png,without_mask
0UANAB1LCR.png,with_mask
7JLHOMFX6Z.png,mask_weared_incorrect
N8XHPMUQPJ.jpg,with_mask
0HVQKC0R5Z.png,with_mask
SJWH3OE60T.jpg,with_mask
07FTGZLLV8.jpg,without_mask
AOPCU422PE.jpg,with_mask
YKYHF8EO6I.jpg,without_mask
4924LZQOFT.jpg,with_mask
GI6VDURB6H.jpg,without_mask
SCMDEE68BX.png,without_mask
EL0N4TFRES.jpg,with_mask
YLHBSZITQU.jpg,without_mask
UN6HDL4473.jpg,without_mask
BHOF1HEJ2J.jpg,without_mask
3PV8RH5I5C.jpg,with_mask
DSQFZZJ62S.jpg,with_mask
G83SNJOW2J.jpg,with_mask
9DJ20RX9V9.jpg,without_mask
2TWS89CXZV.jpg,with_mask
K5IYEF04IM.jpg,without_mask
AXA517QFWT.jpg,with_mask
EHDOXDOVJU.png,mask_weared_incorrect
E1ROR7RNTT.jpg,with_mask
WIE3LVFG31.png,with_mask
0K039YOY1E.png,with_mask
FXW1HILD00.jpg,without_mask
VJBKGAC41B.jpg,without_mask
MBB1XDEJ4F.jpg,without_mask
1PQ5QSBAEY.png,with_mask
6LNA8VZZCN.png,with_mask
R0FIBH3356.png,without_mask
USIBOBXS32.png,with_mask
Q8RL2RZB6G.png,without_mask
R5QXSNS1BW.jpg,with_mask
TQRPSDGB9M.png,with_mask
6V1N2UWKOZ.png,mask_weared_incorrect
FEEZPT7ZJ4.png,mask_weared_incorrect
GHXYZJBZ12.png,mask_weared_incorrect
O4F7TYLXGG.jpg,without_mask
UK96AOPGKL.png,with_mask
79IC46V3GT.jpg,without_mask
LQ9S5BEZHR.jpg,with_mask
1PMLBP75QD.png,with_mask
OO5A7IE2CK.jpg,without_mask
04EV72IJ9W.png,mask_weared_incorrect
HGRO9IE6ZD.jpg,without_mask
0LXQYX8VT8.jpg,without_mask
4NXNIOHM9K.png,mask_weared_incorrect
FZKMQGBP2E.jpg,with_mask
T57XVG5LB3.png,without_mask
S9VO6WOG6M.jpg,with_mask
M3HC04IA10.jpg,with_mask
SY3Y1SK7P6.png,without_mask
TM034OWVES.jpg,without_mask
HX1SCI3V4O.jpg,without_mask
RS249RGSDX.jpg,with_mask
TWLRN6UM9R.png,without_mask
8CFZHJEE9L.png,mask_weared_incorrect
NQ5L1S95T5.jpg,with_mask
BRYT4BBMB9.png,mask_weared_incorrect
RQXPUD38AW.png,without_mask
RIWJ1ACL1O.png,with_mask
A0R5UUYO8X.jpg,with_mask
J16TRG31X6.jpg,with_mask
UIUK0NIQ1Q.jpg,with_mask
D0YF147Z6F.jpg,with_mask
RZL5CK6A9Y.png,with_mask
9QAEV377OL.png,mask_weared_incorrect
ZOQDLOLIQV.png,mask_weared_incorrect
R5R9DKUYMR.jpg,with_mask
5IGINA1P6S.jpg,without_mask
90JPDNOC69.png,mask_weared_incorrect
4NDX7CFDYJ.png,with_mask
31VKLLET7N.jpg,without_mask
E3ZBYI4RB9.png,mask_weared_incorrect
2LZ224ALSM.png,without_mask
3BY53RNL6E.png,mask_weared_incorrect
QXSEBC795H.png,with_mask
0ANN9S2ZUN.png,with_mask
CUOYF9TMYL.jpg,without_mask
BKH3SUOV3K.png,mask_weared_incorrect
IV5VIM3HAD.jpg,with_mask
AJNK00UWHP.jpg,without_mask
WJQ0BZQAMM.jpg,with_mask
RSMUNKZ88H.jpg,without_mask
T66IH0J6AM.png,without_mask
088BK9XG6X.jpg,without_mask
RLXC7K8A6S.png,with_mask
6NP70REBR0.jpg,without_mask
BQ9LIR9ZBI.jpg,without_mask
WPP7O6ZIS5.png,with_mask
Y2YASJT0G1.jpg,with_mask
4R9OXMWMWT.jpg,without_mask
X10W7FB4EX.jpg,with_mask
CZIHDMTRFK.jpg,with_mask
2AB1PMJMOK.jpg,without_mask
ISURLXQZGH.jpg,with_mask
SP4LK56Y5O.png,without_mask
UIAYGGLQXB.png,without_mask
AEB0DZMJQ1.png,mask_weared_incorrect
DWRBAT2BO5.png,mask_weared_incorrect
S7VEBOMK1U.png,with_mask
RUCCGWJPHN.png,with_mask
1QQI071K1L.png,with_mask
6SZNVKD4VG.jpg,without_mask
U0OH3MAKAU.png,without_mask
VKEV03X9ZF.jpg,without_mask
7K6EIGX5G7.png,mask_weared_incorrect
XTZ0TG8K2F.png,with_mask
Y3ADWIXSSB.jpg,with_mask
CFT4YO2TIW.png,with_mask
UERQ10GUPL.png,without_mask
CS37E9O90B.jpg,mask_weared_incorrect
R1ICATVB69.png,with_mask
PVV33B8DH3.png,without_mask
DKIPLW1S5P.png,mask_weared_incorrect
URU5V6421L.png,with_mask
Z57EVDX2C9.jpg,without_mask
F9VLL4VHE8.jpg,without_mask
AI02KNLC8J.png,mask_weared_incorrect
ZC2JTH6K0P.jpg,without_mask
UI3DLTHIH4.png,with_mask
BNEYJSQS5J.jpg,without_mask
CRGCN35VAK.png,mask_weared_incorrect
VG9B8NPQTD.jpg,without_mask
8T4MZDZMBK.png,mask_weared_incorrect
UXLZRKL8MR.jpg,without_mask
7VK6FLOKI0.png,mask_weared_incorrect
MNHUQIDIGP.jpg,without_mask
IP54YURWUH.jpg,with_mask
HUNOAOTGFY.jpg,without_mask
0JJKFAM7J8.jpg,without_mask
X007066891.png,with_mask
ODLD68OY6Y.jpg,without_mask
MKHSXW7NEK.jpg,without_mask
HOL5NH7UAZ.jpg,without_mask
NJP3JV6QFX.jpg,with_mask
IWHLTS8E8K.jpg,with_mask
5ZFQJ7OKHU.png,mask_weared_incorrect
7TGGBE2SN4.jpg,with_mask
RBQAJ46SUR.png,without_mask
Q66VG4OSPP.png,without_mask
A47JD0X8S9.jpg,with_mask
QXWEWXOTEG.png,without_mask
BZWN0Q38R8.png,mask_weared_incorrect
U1S4OF99UY.png,without_mask
RZXHW8AKVH.png,without_mask
BVSNWKX1ML.png,mask_weared_incorrect
4341CXT49K.jpg,without_mask
UZISF27KSF.png,with_mask
0CA7Y8Y2UE.jpg,without_mask
09GWX30JT5.png,mask_weared_incorrect
1GPIVEKJDN.png,with_mask
5MFCG2TT17.jpg,without_mask
0SDO7E24H8.png,with_mask
D3N56H0FUF.jpg,without_mask
DC9SZK8HV9.jpg,with_mask
TFSYAS2QC2.png,mask_weared_incorrect
7TRK3LP0KX.png,mask_weared_incorrect
201ZHL5JQI.jpg,with_mask
NBUTWR4318.jpg,without_mask
DU9XXG88ZD.png,mask_weared_incorrect
UDIBXNF46G.png,with_mask
QJLFC2Y1T0.png,without_mask
O4BHTUSLLN.jpg,without_mask
1VPOSW3Q2A.jpg,without_mask
KSMGQYGLZG.jpg,without_mask
FUICTQBRDR.jpg,without_mask
JH8FJ3SGOK.jpg,without_mask
T4N0IKBAIF.png,mask_weared_incorrect
8D248DJG1T.jpg,with_mask
FX10WCQZJU.jpg,without_mask
TOL6IL2I51.png,with_mask
97O4L1J00V.jpg,without_mask
3N75J18A27.jpg,with_mask
AMNZ2X9CZZ.jpg,without_mask
9AHAYNERDJ.jpg,without_mask
ZNKYN4U17A.jpg,with_mask
4L5DGSBLXR.jpg,without_mask
0BW2ARTUFG.png,with_mask
R24WOAUFP9.jpg,without_mask
RP77WCZKLA.jpg,without_mask
GV8FXZZ8Q2.png,mask_weared_incorrect
GO72QK1QYB.jpg,with_mask
VRSAK4UI1T.jpg,with_mask
65K2FAHSVR.jpg,with_mask
7ICAF97Y3P.png,mask_weared_incorrect
VNRVQBXH2R.png,with_mask
S4RZN1FKSK.png,without_mask
XAIUEACON8.png,with_mask
SM3S2ZUCA1.png,without_mask
BRVI29L2YK.jpg,with_mask
87I036ELRS.png,mask_weared_incorrect
RCYPG9RPLH.png,with_mask
34Y4VEYDLD.png,mask_weared_incorrect
GCF2E7HQG4.png,mask_weared_incorrect
GARWP4SKYC.png,mask_weared_incorrect
Y6OD14R7K1.png,with_mask
7J33H1QPEP.png,mask_weared_incorrect
ONHP9ZTR63.jpg,without_mask
5WNL0W4K8O.jpg,with_mask
1B2ZT3SAQ2.png,mask_weared_incorrect
EPOJDJJIT7.png,mask_weared_incorrect
2P7M76XGZF.jpg,without_mask
CB7C546TPT.jpg,without_mask
QVACTJWYO5.png,without_mask
S1L4ZH85IW.png,with_mask
CWVQN8MJPB.png,mask_weared_incorrect
I18DC873SL.jpg,without_mask
J2HIVS6NOD.jpg,without_mask
657BGCP28E.jpg,without_mask
POEQLJ4F6I.jpg,without_mask
XGC4TV0913.png,with_mask
RGFKIRAO3C.png,with_mask
0AXR5FOWS1.png,with_mask
QYJY12M190.png,without_mask
5GRPWHGFSH.png,mask_weared_incorrect
3GX3UV5GAB.jpg,with_mask
1S9CP9PO5J.png,with_mask
S5GBVEM9U7.png,without_mask
O8RZ4DPRHM.jpg,with_mask
72Y1FYLULL.png,mask_weared_incorrect
JPDUIPQ6QY.jpg,with_mask
ES95GKXP1F.jpg,with_mask
OINK3PYN0G.jpg,with_mask
VB6RA33P3W.png,with_mask
T88EO34TB1.png,with_mask
UQ8843V8AG.png,without_mask
Q9OQ09S78Q.png,without_mask
R1Z3WUXFU2.png,with_mask
J82JTK4TOA.jpg,without_mask
LFWMRHWNF6.jpg,without_mask
VEKEY7ONOQ.png,with_mask
01ENZVPGW4.png,without_mask
SESD2JYEUN.png,without_mask
X4DJ4YDINY.png,with_mask
4X9SQF7RAM.jpg,without_mask
RR75ZU0I1G.png,without_mask
3CTLDJA8R4.jpg,without_mask
ZG09YWM4MN.jpg,mask_weared_incorrect
W32NEAB9VH.png,with_mask
RVPM40GUR1.jpg,with_mask
C5FHYI7II7.png,without_mask
RSORHM6N05.png,with_mask
W7QF9I3EYI.jpg,without_mask
6W4WQDUUDS.jpg,with_mask
QQ6UQ91KGG.png,without_mask
27O38AYXKC.jpg,without_mask
4FQ8DXXYCT.jpg,without_mask
GXQV0V535O.png,mask_weared_incorrect
3F3XEWG9QH.jpg,without_mask
SI2P3B1NRH.png,with_mask
IJ7GKNG088.jpg,without_mask
VWFZ1L43VZ.jpg,without_mask
C1WH98U1EY.png,mask_weared_incorrect
YMTM6BGRRM.jpg,without_mask
D58OO50359.png,mask_weared_incorrect
RAIPT3UPU4.jpg,with_mask
506DQ5E266.jpg,without_mask
J36CU5UN9Y.jpg,without_mask
F5BA45CZ1R.jpg,with_mask
6QKXZOJXLM.png,mask_weared_incorrect
SPH8HAYK57.jpg,without_mask
VQU8WTOP0C.png,mask_weared_incorrect
FU17J4ZKFJ.jpg,with_mask
1R3H1QTHYQ.png,mask_weared_incorrect
P9FMPAAET2.jpg,with_mask
344GQ5WW6Q.jpg,without_mask
OOR9MM8D1I.jpg,with_mask
8DP4F9DCVW.jpg,with_mask
0FUHVPCK0M.jpg,without_mask
JCIH6530MO.jpg,without_mask
PP4VW40RKG.png,without_mask
I6VGQHOVXQ.jpg,without_mask
ZW8BX8JPPH.png,with_mask
PRJUFT3KLL.jpg,without_mask
29XLRESA3H.jpg,without_mask
R5QHLC1PQT.png,without_mask
59JZ64WMDZ.png,with_mask
LBCN1Y5BI0.jpg,without_mask
1HLPHSK5R5.png,mask_weared_incorrect
EOYXX341ET.png,mask_weared_incorrect
SU6MPISDB6.png,without_mask
QRC3F5L0FZ.png,with_mask
0N7F1URIB0.jpg,without_mask
Q6X6MQTI74.png,without_mask
1OF6XR3LT8.png,with_mask
WN2JGU52R5.png,with_mask
J6V7MP37PP.jpg,without_mask
QXRMM74YQU.jpg,without_mask
UHLQ4VS0WZ.png,without_mask
DCFDDDT4K8.jpg,without_mask
SLBCG0YYCR.png,mask_weared_incorrect
2MC73H8YLU.png,without_mask
FB42UGNIIE.png,mask_weared_incorrect
VVK1NMKFPZ.jpg,with_mask
0R1FN5E4VN.png,without_mask
TTS113R0TV.png,without_mask
ZRR5JK8FDS.png,mask_weared_incorrect
CEXMMCWMXZ.jpg,with_mask
AAWFG85NDC.png,mask_weared_incorrect
AE68FLA5K8.png,mask_weared_incorrect
SS41XO7M1E.png,with_mask
HXW9GG8EBJ.jpg,without_mask
798PDA71BT.jpg,with_mask
WOVBGN162I.jpg,without_mask
XGLKWO5P6Z.png,with_mask
0K3M4LBBJN.png,mask_weared_incorrect
0BGHBP3QU9.jpg,with_mask
VLJJZEMGP7.png,with_mask
2JXOUFMPMH.png,with_mask
G6CZ05X4YY.jpg,without_mask
BKT9MQPVMG.jpg,without_mask
UKG0H0TXFY.png,with_mask
G8A4PBRCTG.jpg,with_mask
4DS9X2YD2G.jpg,with_mask
517UT0JCVA.jpg,with_mask
8GPJSSNRV8.jpg,with_mask
0HLPPUYF9I.jpg,without_mask
ROKTSY7F9K.png,with_mask
FIU7FCU06D.png,mask_weared_incorrect
J864QR7UYC.jpg,without_mask
O0EJ0O9PRN.jpg,with_mask
M9T12HPKO2.jpg,without_mask
RT5ERD5XPN.png,with_mask
WKFZ5FQALI.png,without_mask
MW7G752DEE.jpg,without_mask
PVLXWMI2WR.jpg,with_mask
N0B20QYZR8.jpg,without_mask
F6TF9GOLCU.png,mask_weared_incorrect
ORB35UMUKA.jpg,without_mask
A5HVSLW6X2.jpg,with_mask
HU5IESOXVR.jpg,without_mask
J0GC2TKVP0.jpg,without_mask
TGQWRM700W.png,without_mask
8Z0MMESXV5.jpg,without_mask
SU2KU2BO3R.jpg,without_mask
QPCX1V1YAH.jpg,without_mask
MPNQ1OY1GJ.jpg,with_mask
ZPOTRJFN5A.jpg,without_mask
G1LXGXAJQV.png,mask_weared_incorrect
VZAKIL9PUI.png,with_mask
EQ4SBTPS1L.png,mask_weared_incorrect
X4BFSIQ37I.png,with_mask
2USVUOBY17.png,with_mask
PPFNQY42Y8.jpg,without_mask
Y5DWBBNCB7.png,with_mask
P44U0IC3HW.jpg,without_mask
WQZ4DS4VPN.jpg,without_mask
84RG4CTOTU.png,mask_weared_incorrect
RUPC0MR2A0.png,without_mask
U398ZP52WC.jpg,with_mask
2KLNVEITZS.jpg,without_mask
4JQ5J0V6SV.png,mask_weared_incorrect
45AOHX6PFU.png,mask_weared_incorrect
TCENM9B48Q.jpg,without_mask
UA3DHPG7TK.jpg,without_mask
E5FY5X1GBM.jpg,without_mask
TGMANT5LZA.png,with_mask
WF8AHNWE0C.png,with_mask
5BX1ND56VZ.png,mask_weared_incorrect
0OO9RL3ZT6.png,with_mask
XERHDH5FJL.png,with_mask
EZ6RG0VSAO.png,mask_weared_incorrect
XXPPKGJ2GR.png,with_mask
ZX9NJ5QYFP.png,mask_weared_incorrect
TCFCABOK1M.png,without_mask
GXP1HZ85SU.jpg,without_mask
R1QZGCEZ79.jpg,with_mask
WPVASKU0RB.png,with_mask
0VAPH4MXEY.png,mask_weared_incorrect
W16E55Q70D.jpg,with_mask
HL344G1R7F.jpg,without_mask
622B3RN6GO.png,mask_weared_incorrect
LCGKX1JYHC.jpg,with_mask
VD1694SXVT.png,with_mask
69OD3YFMGK.png,mask_weared_incorrect
W1WKU37MUI.jpg,without_mask
6BNX6CNFQI.png,mask_weared_incorrect
4G53MDH7O3.jpg,mask_weared_incorrect
UGDIDVK1MN.png,without_mask
51Z4OG0FPI.png,mask_weared_incorrect
U1GZH22NG4.png,without_mask
B4WO8Y5A9J.png,mask_weared_incorrect
V6ZONRPDSH.png,with_mask
C21Q6EPUSU.jpg,with_mask
VF2XCARDKA.jpg,without_mask
60YA7L7NS4.png,mask_weared_incorrect
J2DGFTZRLJ.jpg,without_mask
SHHDQJEOG0.png,with_mask
QCKVIPLV4U.png,without_mask
1A3FTA2AIN.png,with_mask
UANNMZ91CG.jpg,without_mask
QI8M4KYPB7.png,without_mask
U88EEPIT53.png,mask_weared_incorrect
EOVBBB55YA.png,mask_weared_incorrect
0FKK4QU1PW.jpg,mask_weared_incorrect
5F0EPDH1FM.jpg,with_mask
S00HT61U84.jpg,without_mask
36F8VK0NYH.jpg,without_mask
V1ONLO9PG5.png,with_mask
OM2X17ACW1.jpg,with_mask
0EVFT9ZRYC.jpg,with_mask
5HAUXXWCM6.png,mask_weared_incorrect
0W8WKZUJQG.png,mask_weared_incorrect
3NXZOFR99B.jpg,mask_weared_incorrect
W0QSVIN6HF.png,with_mask
TJCXFF4AB5.png,with_mask
1MUUJI70FJ.png,mask_weared_incorrect
4ERQN1ISRO.jpg,with_mask
FS5EBZDI6P.jpg,with_mask
UCKMW7EU74.png,without_mask
H2SGRO0KXF.jpg,with_mask
Q32O56RW0L.png,without_mask
2RU4REA81A.png,with_mask
W35PU2SH63.png,with_mask
27J4LPWD11.jpg,with_mask
P8MHTNHTX4.jpg,with_mask
XEOKBG837X.png,without_mask
DNK859Z7QT.jpg,without_mask
RC3UZEML14.png,mask_weared_incorrect
7I7REIKVX0.png,mask_weared_incorrect
VZAWZ8LTYL.jpg,with_mask
66EUZ2QKJ5.png,mask_weared_incorrect
GQYC84A2BE.jpg,with_mask
XKJLTDTDWH.png,without_mask
EVNJASFL1T.jpg,without_mask
H9HBRN0XZN.jpg,without_mask
NBNU3OOI03.jpg,with_mask
SIBT5UE7KR.png,with_mask
LFQG6RUB0J.jpg,without_mask
QR22W5X9OJ.png,with_mask
A0KD3T5QQ7.png,mask_weared_incorrect
VIPCZ1L2OR.png,without_mask
T95VINVYTX.jpg,without_mask
GBLH8YK3ZO.png,mask_weared_incorrect
R196IZTJK8.png,without_mask
36P1Q2NZHN.jpg,without_mask
UMSCWUIK7L.png,without_mask
IXR549HTJO.jpg,with_mask
WKOLU52MA0.png,with_mask
UGFTT6MSO4.png,with_mask
G8TXFOODCY.png,mask_weared_incorrect
SFWFCKS6YV.png,without_mask
T1FD1QO3KD.jpg,with_mask
QVHP6BP20D.png,with_mask
SYEQW2FSBU.png,with_mask
3N82ZJJ2WO.png,mask_weared_incorrect
2LAEZZZC93.png,mask_weared_incorrect
UCY2SPAV4L.png,with_mask
2N1K94ORJM.png,without_mask
FEY7WJZWQL.png,without_mask
R7705HQD7S.png,with_mask
TFEUVGPXXT.jpg,without_mask
SVSSBLFGVI.png,without_mask
AD3VE1YTDV.png,mask_weared_incorrect
WEKKY654CD.jpg,without_mask
2XDNQUCEL1.png,with_mask
EUGNDOJQ7L.png,with_mask
VBW2PE7D68.jpg,without_mask
BA5SRR7UF5.jpg,with_mask
K7063X21N3.jpg,with_mask
3GDUKE0G02.png,mask_weared_incorrect
3KWS6EZG6I.jpg,with_mask
V1KA52B681.jpg,without_mask
28ZAWMK3AF.png,mask_weared_incorrect
A1CBZWTMG2.png,mask_weared_incorrect
VYFTE2SVI3.png,with_mask
WIE91BOLD4.jpg,without_mask
6OGQK3B1JG.png,mask_weared_incorrect
AQNDNGRIOH.jpg,with_mask
9FVL1CF4I2.jpg,without_mask
M8LC8ZFDPG.jpg,with_mask
TGKA4VAN7Q.png,with_mask
2QK9G5I18V.png,with_mask
6JZLBBDT80.jpg,without_mask
D54SQVYQML.jpg,without_mask
1T51QLTX9Y.png,with_mask
HEBT84TXEK.jpg,with_mask
QB1TGEQW9A.jpg,with_mask
PD8J9B1RSN.jpg,without_mask
1K62394FJ7.jpg,with_mask
0UCYYXH7IU.jpg,without_mask
0M67C6DEUI.jpg,with_mask
RA3UUZ4CQY.jpg,with_mask
S72CTRU5S9.png,without_mask
VT26DEQ3FY.png,with_mask
WAWYQ70Y20.png,without_mask
SVJIWTGVG6.png,with_mask
X0PM8DBHL1.jpg,without_mask
V8FHH6LGB5.png,with_mask
GZEQQX6ZHW.jpg,mask_weared_incorrect
TYW40ADCD7.png,with_mask
SCZN54O816.png,without_mask
OJOVWBBN1G.jpg,with_mask
7E1N6WI8FY.png,mask_weared_incorrect
ZT6F03QXL1.jpg,with_mask
SF9SM4WZUG.png,with_mask
1BF8UHD9I0.png,with_mask
20V7LALPZ3.jpg,without_mask
BWH4A9W6RO.jpg,without_mask
SPMPGOSSL4.png,with_mask
2WNHIW6QHO.png,without_mask
EK63TE9BIT.png,mask_weared_incorrect
0DQ2YDD7S0.png,mask_weared_incorrect
S95Z45KYGJ.png,without_mask
VLJI7BY7YZ.png,with_mask
2S134AIIM2.jpg,without_mask
2TMT7IZSQN.jpg,without_mask
V0MYH5Z4H5.jpg,with_mask
TDF7P1TQ4X.png,with_mask
QD77KNFC5Z.jpg,with_mask
HVSR56SC5S.jpg,without_mask
65NVDP4D2G.png,mask_weared_incorrect
2FUHLS537D.png,mask_weared_incorrect
7KEA0KZKOT.jpg,with_mask
U4GW06BY95.png,without_mask
UZ0IBIIHDQ.jpg,without_mask
5ANQV8AH2B.jpg,without_mask
61YD2YUHHL.png,mask_weared_incorrect
55W14LD6QF.png,mask_weared_incorrect
5JEXMWUVNU.jpg,without_mask
5XWWVZR0D6.png,mask_weared_incorrect
Q8UR5HBDBJ.png,without_mask
8F2KS36RXI.jpg,with_mask
MPHJKTB9F1.jpg,with_mask
TE01RAWOZP.jpg,without_mask
B4H3YCJ0D2.png,mask_weared_incorrect
SWEZ2L9D7A.jpg,without_mask
3FRPW7ED1C.png,with_mask
V7LB8EZCYU.jpg,without_mask
RMUUAE407U.png,without_mask
7BWX4WFY4K.jpg,with_mask
6NBYJXHGRP.jpg,with_mask
SHJVN0438M.png,without_mask
9Z05TU25RW.jpg,with_mask
PLEA80VI59.png,without_mask
WX7PNX83GY.jpg,without_mask
XGZH75PS28.png,with_mask
7LQN0J6BME.jpg,without_mask
6H410XB266.jpg,with_mask
3A3LRSRNZH.jpg,with_mask
S2KV1H60T4.png,with_mask
W03SF2MWFB.png,mask_weared_incorrect
1WPGG122QP.png,without_mask
PMS1N9F4BY.png,without_mask
2H73TFAP2S.png,mask_weared_incorrect
0QZ23KP4XE.png,with_mask
V6SBUVECX6.png,with_mask
4MMYG2LH1J.png,mask_weared_incorrect
TH3U7LKG4H.png,with_mask
EHPHFYB6FA.jpg,with_mask
BJXY42CST6.png,without_mask
OIJQWGGO9H.jpg,without_mask
2SANF304F2.jpg,with_mask
S8YZGTZ15I.png,without_mask
7FTGRZHSSW.jpg,without_mask
4P7PGIYWHF.jpg,without_mask
URJYVGF07V.png,without_mask
SQ376RTVLQ.jpg,without_mask
YF8DQYSIIH.jpg,without_mask
SQITPISEMS.png,with_mask
YQW80X2WX7.jpg,with_mask
6OOIJ76PD2.jpg,without_mask
00B2IQCITF.png,with_mask
JIL0UTKAY5.jpg,without_mask
8Y4DYISXGH.jpg,with_mask
XDELANSLG1.png,with_mask
LP36HH7Q9B.jpg,with_mask
0BYUA6XBDN.png,with_mask
F2X2ZG4CM4.png,mask_weared_incorrect
GSISUDTBHL.png,mask_weared_incorrect
IN8Y2J7HXL.jpg,without_mask
SRZB5526DP.png,without_mask
0POZSEZPVU.png,with_mask
G3W91ZJPZ9.jpg,without_mask
0N9939JGIX.png,with_mask
9F1GPKOEVW.png,mask_weared_incorrect
UHRCNEW1O1.png,without_mask
XSH7CLGF34.png,mask_weared_incorrect
87QY4MKURG.png,mask_weared_incorrect
8YFLB64UD6.png,mask_weared_incorrect
S5ZJ9DWKJ8.png,with_mask
L945M1MQ8H.jpg,with_mask
GZ3UO3XC44.jpg,without_mask
EXVOB40KEK.jpg,without_mask
4J8VDSP7MR.jpg,without_mask
W4N947OXN5.png,mask_weared_incorrect
8VX78LF831.jpg,without_mask
S724RP7Z2O.png,without_mask
8ZO454FCJX.png,mask_weared_incorrect
CUMINC8JOX.jpg,without_mask
NTNUUUJW8O.jpg,mask_weared_incorrect
HS7J27U4IB.jpg,without_mask
09R76QO53H.png,mask_weared_incorrect
G2T7AOBO8M.jpg,without_mask
ALNWGTXGF7.png,mask_weared_incorrect
E63HZBOBYH.png,mask_weared_incorrect
UQY7FNMAOW.jpg,with_mask
TEJOLX3YE5.jpg,without_mask
3INDFVJLR7.png,with_mask
2C8I4SFZW9.png,mask_weared_incorrect
6NK3Q0RVND.jpg,without_mask
Q148ZP53RG.png,without_mask
SJ58DDSRVZ.png,with_mask
OELXSUDQOC.jpg,without_mask
9NO8NM5Y8M.jpg,with_mask
6PADTKDCGU.jpg,without_mask
22MSUB74CB.png,mask_weared_incorrect
XXWD9U7UPC.png,with_mask
SDBYENP9ZQ.png,with_mask
U0IGTL672N.png,with_mask
RCOMYH88XD.jpg,without_mask
83Q1KJYJGA.png,mask_weared_incorrect
KEECMNWJV8.jpg,without_mask
FQ5WVK2040.jpg,without_mask
RHF7BEZMZC.jpg,without_mask
8OUNHV4FMT.png,with_mask
E6QZXAGVOF.jpg,without_mask
ZGFZKNT5LU.jpg,with_mask
4R5QR9EWYA.png,mask_weared_incorrect
Y0OADP44SR.png,with_mask
L1IU0EALHW.jpg,without_mask
70THB70M6H.png,mask_weared_incorrect
J92D3JK2IQ.jpg,with_mask
F8K1UGJK1K.png,mask_weared_incorrect
QEMBEHSLXO.png,without_mask
R8KOAZNJRV.jpg,without_mask
WZDLCP2YNY.jpg,without_mask
LI4G1F35GV.jpg,without_mask
TDBHXSMYXP.png,with_mask
OTRDCGUSBO.jpg,without_mask
VASAY4308C.png,with_mask
UNZ4L2GGEY.png,without_mask
0R739Y12F1.png,mask_weared_incorrect
39MEN34WO2.png,with_mask
1WPJ40WBTZ.png,with_mask
3M9PSYSJWI.jpg,mask_weared_incorrect
JC0KNXHGW7.jpg,with_mask
3AFGAVEVEB.png,with_mask
SG1QJPL51Q.png,with_mask
UGU7QJ2VGU.png,with_mask
R764E1LKIF.jpg,with_mask
SMHMEZIRWE.jpg,without_mask
SR67GIZTBX.png,with_mask
XME76K67ZV.png,with_mask
UM8TC74ZK2.png,without_mask
9HEFRZ5ZUB.jpg,with_mask
S039H4USBL.png,without_mask
XABN5Q935T.jpg,without_mask
HW380RMTOB.jpg,without_mask
1AIQRCQJVT.png,with_mask
E7CNWNRAR9.jpg,with_mask
L7HUMCIRRU.jpg,without_mask
FRXUBUL167.png,mask_weared_incorrect
XC5W7NPW35.jpg,with_mask
AG29I2RP23.jpg,without_mask
IA0CFR3YS5.jpg,with_mask
QK76L9TZIC.png,without_mask
4EUS50WDBQ.png,with_mask
4BVL77BW9E.png,mask_weared_incorrect
VB5YMJUBFV.jpg,with_mask
VBZ8YJ9TBZ.jpg,without_mask
S840T4EWQU.jpg,without_mask
RD7TD0W9H8.png,with_mask
PMFIF28HAK.png,without_mask
GMOR1DRPQ8.png,mask_weared_incorrect
64CTFW76FO.png,mask_weared_incorrect
PP3OHZJYCN.jpg,without_mask
GZXW36WEPJ.jpg,without_mask
V92SX4BHB3.png,with_mask
IMXZWKGY2M.jpg,without_mask
0RNTS5L3LB.jpg,with_mask
QWB9BLYZ99.png,with_mask
7ACPEB897T.png,mask_weared_incorrect
HS23KHKAL3.jpg,with_mask
VR8O1YRRGM.png,with_mask
1MHP94VCZR.png,with_mask
CKLZ6Q2SRX.png,mask_weared_incorrect
7SQZLZVNEE.png,mask_weared_incorrect
6X2NWP1XRG.jpg,without_mask
OVRQZV7OFE.jpg,without_mask
XQVFVR9W55.png,with_mask
3DJTX4TZTZ.jpg,without_mask
PV1GTCW65Q.png,without_mask
PIHCDTC7BQ.jpg,without_mask
7GYWDL2KNB.jpg,without_mask
50XXOP20K7.jpg,with_mask
OPKIW37T71.jpg,with_mask
CCGFNC3CIU.png,mask_weared_incorrect
UK23SITZG9.png,with_mask
ANU90PZYWD.jpg,with_mask
N7PZQR2B9E.jpg,without_mask
0TAYEQH4E4.png,mask_weared_incorrect
CYBYTO3ELN.png,mask_weared_incorrect
C3D3J0P44U.jpg,without_mask
DERJLDS9DN.jpg,without_mask
VHG74245HP.png,with_mask
IL37WUIBB5.jpg,without_mask
977X9S24R2.png,mask_weared_incorrect
A8DY0LD48J.jpg,without_mask
EWWU553SPH.jpg,with_mask
QRLR36VXHH.png,without_mask
BQOD0GNM9M.png,mask_weared_incorrect
QT3LQI23VJ.png,without_mask
XOLYR0QRHU.png,with_mask
PLKYKZ3ZJB.jpg,without_mask
6KETP65T94.jpg,without_mask
MOJFT5KI6K.jpg,with_mask
A2XA9EOW76.png,mask_weared_incorrect
TTPOZW1WT4.png,without_mask
0HJ0V6EKP5.png,with_mask
DWQHPSMSCP.png,mask_weared_incorrect
W8AJ5TGUGR.png,with_mask
GBJS5LZOY9.png,mask_weared_incorrect
MLNR1VV0O2.jpg,with_mask
8ZC47X0V6U.png,mask_weared_incorrect
R14OGLK7AP.png,without_mask
WXG1GKERR4.png,with_mask
U6ISRVF7JM.png,without_mask
QPZR4TVYTD.png,with_mask
RCPQC75W2X.png,without_mask
62IG76XY9W.jpg,with_mask
R3LYFPMQSI.png,without_mask
BCFK316EA5.jpg,without_mask
0E7RE5RZQ6.png,with_mask
0WU46P420G.png,mask_weared_incorrect
SMT0OD1SKM.jpg,without_mask
BAXNDTSGNH.jpg,mask_weared_incorrect
LA3HD3905P.jpg,without_mask
B8USQI4NGE.jpg,without_mask
08T4N3F7YY.png,mask_weared_incorrect
Q919K3O25G.jpg,with_mask
AWT8FSR7ZY.jpg,without_mask
7TNW0QH84G.jpg,with_mask
QIQX4CPHQL.jpg,with_mask
CIDAQSYURG.jpg,without_mask
9EY39L50RX.jpg,without_mask
SZ3ARZHL7D.png,without_mask
W121VNFKK9.png,with_mask
HN6PWH8G28.jpg,without_mask
HUQSF0LQKQ.jpg,without_mask
IZV94T5Y5A.jpg,with_mask
JT80JFJUPY.jpg,without_mask
4KOE3FPIDC.jpg,without_mask
3PWIF0H7J2.png,mask_weared_incorrect
3TOQ3NU6UT.jpg,without_mask
6D6FCQHWK0.png,mask_weared_incorrect
SZOZE4SNAJ.jpg,without_mask
P872PL7SDT.jpg,without_mask
5SAGAD6K99.jpg,with_mask
1AAW8NT1Q0.jpg,without_mask
THXZNLWBI8.png,without_mask
644IAR70CL.jpg,without_mask
JAZF4X8S02.jpg,with_mask
R84A4U0O2V.png,with_mask
TJTU9O2WLT.jpg,with_mask
UAQN4XK1C2.png,with_mask
WLD9RSYB5W.png,without_mask
69019PPJG3.png,mask_weared_incorrect
CBYI3ZKTOY.jpg,with_mask
BAZGMTE3H7.jpg,with_mask
VU0QRLBV41.jpg,without_mask
H704LNO7XB.jpg,with_mask
SK3P43JNMH.png,without_mask
PWZOERGXPF.png,without_mask
6WA7CE2P9T.jpg,with_mask
Q30DX5MG6P.png,without_mask
WLXYOF1OYR.png,with_mask
R0PV0ZU48T.jpg,with_mask
VTNKPPIBYP.png,with_mask
13XN4M9PF3.jpg,without_mask
SNHKLM3AQR.png,without_mask
FB1EA7475Z.png,mask_weared_incorrect
RBAFCWZGVF.png,with_mask
FTSQKNPYW6.jpg,without_mask
NR7UBXJKQ9.jpg,without_mask
KYYOWSKVX9.jpg,with_mask
WWWABNNUFS.png,with_mask
UOAAV49UNA.png,without_mask
2E8Q28JG42.png,with_mask
9495YRKP54.png,mask_weared_incorrect
CVXHXAVY5V.png,mask_weared_incorrect
XK4V6F5H8M.jpg,without_mask
H3TS1KU7I0.jpg,with_mask
EHGWPNOW4B.jpg,without_mask
IQ46HEY6FF.jpg,with_mask
TOYKGJHYPI.png,without_mask
WEUXT7SPB2.png,with_mask
KHCBOZCZ1R.jpg,without_mask
QRVUDRIVHX.png,without_mask
HYFZQJ29F1.jpg,mask_weared_incorrect
YT096S15UY.jpg,without_mask
N3JJI2J5DI.jpg,without_mask
DAASN17HEN.png,mask_weared_incorrect
16SFI6FQJ0.jpg,without_mask
0HUBGSOZNB.jpg,with_mask
1MF7INKKM6.jpg,without_mask
QYZ90KPNCQ.jpg,with_mask
VKHQR9G973.jpg,without_mask
JJDR471JKW.jpg,with_mask
Y8DS93U6TM.jpg,with_mask
UPK3XGEN4S.png,without_mask
EHC4BVVRJS.png,without_mask
FILG9VQ04V.png,with_mask
1C9CR2U6WT.png,with_mask
RDIPZYQNXK.png,without_mask
S933QT2VPH.jpg,without_mask
KI70KHU7QW.jpg,mask_weared_incorrect
W4F5Q9ZX65.png,with_mask
SBP92MNNIQ.png,with_mask
UWOA7ZBK7T.jpg,without_mask
3KYDNK6DB8.png,with_mask
7DM5UDH1R2.jpg,without_mask
0NR2T9CXKR.jpg,without_mask
C54IQYGXSP.png,mask_weared_incorrect
6QDF96CM1N.png,mask_weared_incorrect
188JHIQ0QX.png,with_mask
LJHYLH20ZF.jpg,with_mask
LSRRVB2GGG.jpg,with_mask
TLQ25WLJCJ.png,with_mask
FUWFT7C4TE.png,without_mask
C22TDBY1BG.jpg,without_mask
Q1RO28678Y.jpg,without_mask
F33IVM7W13.png,mask_weared_incorrect
MCOX2MBTTE.jpg,without_mask
DFVJ3OZ1JN.png,mask_weared_incorrect
QOCR50TZ14.png,without_mask
2EW8QZVOM4.png,mask_weared_incorrect
5MF2949JM8.png,mask_weared_incorrect
PPM817SQEN.jpg,with_mask
DQA53E9H6N.png,mask_weared_incorrect
E6QGC8OSDP.png,mask_weared_incorrect
2G56LBOH4D.png,mask_weared_incorrect
XVKK0FO2YO.png,with_mask
FPBWHYJC3T.png,mask_weared_incorrect
RRYGMVJDUK.png,without_mask
X0ATO6TO86.jpg,with_mask
QUIUZGTYJB.png,without_mask
YVIVTRF765.jpg,without_mask
8HUHONTZWK.png,mask_weared_incorrect
3MTSQHVJ7R.png,with_mask
XZMXRF5YQ9.png,with_mask
QICQAQY2KV.jpg,with_mask
OJEUGZGE6O.jpg,without_mask
2549VPD5OH.jpg,with_mask
G3RXZE27WW.jpg,without_mask
FQQL1TMSCL.jpg,without_mask
2BLU6LH51E.jpg,with_mask
BDII2A3XEU.jpg,with_mask
71AVYGSPUZ.jpg,with_mask
1R6S9J2X8P.png,mask_weared_incorrect
MSBOV2BX2H.jpg,without_mask
S3CIXIY0OD.jpg,without_mask
C8Z433HAVF.jpg,with_mask
P2IENTYTXA.jpg,without_mask
XJZL9O4MNE.png,with_mask
LW27PHGSTN.jpg,mask_weared_incorrect
142G61T8XA.png,with_mask
2H1EYLPJ92.jpg,without_mask
FVIGALHIQ1.png,mask_weared_incorrect
8NSOJJ37OW.jpg,without_mask
32JWWNY60F.png,mask_weared_incorrect
R1QV2R1QZO.png,without_mask
JF1P7I1BWE.jpg,with_mask
X4CACNU4UH.png,with_mask
59D14ZPGEK.jpg,with_mask
L82E4H19NC.jpg,without_mask
1P5D17DW8S.jpg,without_mask
SBIP5WFTNH.png,with_mask
XXZRQJOGO8.png,with_mask
FRC96SYGNY.png,mask_weared_incorrect
4EF1W4T1JH.jpg,without_mask
6DO8B5Z0IP.jpg,without_mask
09RWVF44GB.jpg,mask_weared_incorrect
D6GAY7MDY5.jpg,without_mask
8HT19EMGWX.png,mask_weared_incorrect
AHQ1BFXYQG.jpg,without_mask
GT6V3RKSPU.png,mask_weared_incorrect
PV20BQM9WW.jpg,with_mask
7EKVDPJHE1.png,mask_weared_incorrect
ROUED7JTMY.png,with_mask
180ON5I6XE.jpg,without_mask
XQDMMLBCWQ.jpg,with_mask
BKIPCZKADQ.jpg,with_mask
S227P1MVAC.png,without_mask
T5KK8LZO02.png,with_mask
5PCK5TSOAB.jpg,without_mask
EU2ODNBZOV.jpg,with_mask
9EOTXOSQJ0.png,mask_weared_incorrect
114LJSXJF3.jpg,without_mask
TZX8ACTVDT.jpg,with_mask
STRO6YJ8Q1.png,with_mask
4LVPKUXDWH.jpg,without_mask
44R7UVOBIT.png,mask_weared_incorrect
T1SMCH3MQW.png,without_mask
615OMEXWAQ.jpg,without_mask
0OUGTG7VXF.jpg,with_mask
EFBWPBR17U.jpg,without_mask
0S11KWMGCD.png,without_mask
5NDA8GURXG.png,mask_weared_incorrect
LTYOEHCMO3.jpg,with_mask
4CA56XZNLD.png,mask_weared_incorrect
T7PBKA9V2H.png,with_mask
UTRYU1A5PY.png,without_mask
A1BL1I3O0N.jpg,with_mask
IQQ75MD4GF.jpg,with_mask
XGXSGJUHTT.png,with_mask
0SSOA2XOE9.png,with_mask
HY6YVJ5ADP.jpg,with_mask
8SZS34UB7W.png,mask_weared_incorrect
T218IY0G3V.png,without_mask
2AJEJV9JEV.jpg,with_mask
Y8OX8FO050.png,with_mask
2UKVKXXSPU.png,mask_weared_incorrect
Z1V4KIRZDX.jpg,without_mask
RULRJ1D7ZL.png,without_mask
C8F2AF33HJ.png,mask_weared_incorrect
CS4JSEO11A.jpg,without_mask
RTF7IJDU3M.png,with_mask
0H0RBMO6GR.png,mask_weared_incorrect
ZENEIQZYTO.jpg,without_mask
05HLZFGLIC.png,mask_weared_incorrect
D5Q3NM94GM.jpg,without_mask
34SO3GY6JN.jpg,without_mask
BBIFVBXS93.jpg,without_mask
0HRR9W74L0.png,with_mask
9N8LX67ERZ.jpg,with_mask
94SASUIAV8.png,mask_weared_incorrect
UJ16SKBNIE.png,with_mask
8VA2NGZXB1.jpg,without_mask
KQH4LE1THQ.jpg,without_mask
0SX9LWIGFY.jpg,with_mask
2HWLCJ9M8K.png,with_mask
HD370E62PQ.jpg,without_mask
S3N33WVBFH.png,without_mask
3VD1E9ZBRY.png,mask_weared_incorrect
RYI4E91IYX.png,without_mask
UQYPTEV7Q9.jpg,with_mask
S0UWXLIWJB.jpg,with_mask
CMKM39TQFD.png,mask_weared_incorrect
X011VTDQ3Q.jpg,without_mask
U6YEGLBX3G.png,with_mask
50NSXI9MPS.png,mask_weared_incorrect
0LSZV6HLBM.png,with_mask
SC1W0H4YAR.jpg,with_mask
3HNBPA79M7.png,with_mask
TKM53FAFA3.png,with_mask
GAID9UW5ZD.jpg,with_mask
RWO6X1TKKE.png,without_mask
Y4KESPJ4LW.jpg,with_mask
2AVXV6TA59.png,mask_weared_incorrect
0FZQYA2A2K.png,mask_weared_incorrect
D0OHQOXR1T.jpg,without_mask
T4B6F7NGDE.png,without_mask
QCIOR5G4JD.jpg,without_mask
2RWP4T95WK.jpg,without_mask
7FXUQQ2Q3K.png,mask_weared_incorrect
V8DNOOR3GC.jpg,with_mask
BNE91C5PSC.png,mask_weared_incorrect
NWPBX7QKPR.jpg,with_mask
DQLZPQCT10.jpg,without_mask
UAXVR774LQ.png,without_mask
198HQQ7VVV.png,mask_weared_incorrect
SDVODLIZDR.png,with_mask
Y91ULO4J8E.jpg,with_mask
OK75DSN8UA.jpg,without_mask
A64GHEG15G.jpg,with_mask
U35HAZFWYI.png,without_mask
20MYRHWUYA.jpg,without_mask
AKGH8KB4QB.jpg,with_mask
6ZWUFKOUYX.png,mask_weared_incorrect
YHB4HFDZ0F.jpg,without_mask
TDAFEEGDCP.png,without_mask
66GJLFFI8C.jpg,without_mask
UNBCP21R8W.png,without_mask
QAFDO5RQKN.png,without_mask
5TNZ1V348C.png,mask_weared_incorrect
SCGR69K2HG.png,with_mask
R99LZ2JMO1.png,without_mask
KQHWM9ZD4I.jpg,with_mask
QSR3NV9OTD.png,with_mask
5GXHDGPNT9.png,mask_weared_incorrect
F7MGHOMT2J.jpg,with_mask
SU08FNE1WB.png,without_mask
GXH7M9X3CJ.jpg,without_mask
R3QVY83I5H.png,without_mask
DONUL8FOPG.png,with_mask
88BUZIFUI7.png,mask_weared_incorrect
S46AWM0YUQ.png,without_mask
1TVWBOKJEI.jpg,with_mask
DHXEUJ375L.jpg,with_mask
Y81XF5FBMK.png,with_mask
XV628OVTWQ.jpg,with_mask
SJBMZZB4MX.png,without_mask
T4QS3WTDJE.png,without_mask
NAVSXWL7P6.jpg,without_mask
ZAIA9BNL9I.jpg,mask_weared_incorrect
PUOL6XJ6WK.jpg,without_mask
4W23KHK926.jpg,mask_weared_incorrect
2CHIMJKN6U.png,without_mask
KP6W5B2WEK.jpg,with_mask
I591CB6XB3.jpg,without_mask
UBAAPMVOPB.png,with_mask
PQ8DC4Y9DT.png,without_mask
5F3VAL9GNI.png,mask_weared_incorrect
V5WSF6WJFG.jpg,without_mask
473WYUD4PD.png,without_mask
VVGCE2HVMW.png,with_mask
ZJI9ZXB1GQ.jpg,without_mask
QXO0HL6NVQ.png,without_mask
AH9TLG9GDE.png,mask_weared_incorrect
RNS7T496IY.jpg,without_mask
61AR10ED96.png,mask_weared_incorrect
TDO64T4S6P.png,without_mask
7CZ19VH71U.jpg,with_mask
ETUOLEAQ8W.jpg,without_mask
89H4W2TG2Y.png,mask_weared_incorrect
A6JWZ32KGS.jpg,with_mask
UWFC0TLPCC.jpg,with_mask
2U49YSRUF3.png,mask_weared_incorrect
63U8XGYY86.jpg,without_mask
OCI1BHZVLE.jpg,without_mask
FGIHARLOAO.jpg,without_mask
SUBK1JDT2Z.jpg,without_mask
4XXQOLWKPI.jpg,without_mask
UWZSNS51FP.png,with_mask
RLPL8VKGY3.png,without_mask
1HAD1EYQMX.png,mask_weared_incorrect
VSWGTFGV6L.jpg,with_mask
DS55Q8LJV2.jpg,without_mask
DWV4ZV9C5T.jpg,with_mask
LG66AGBHMY.jpg,with_mask
3XM73OGTQW.png,mask_weared_incorrect
RTET68HVLJ.png,without_mask
TYHOCTGK8K.jpg,with_mask
6KTBJL6RXV.jpg,with_mask
GRQM1XIGAE.png,mask_weared_incorrect
QK45RU73DS.jpg,without_mask
QVQHZTAB7V.png,with_mask
1N46B6SIH3.png,mask_weared_incorrect
OI9L4OYBV2.jpg,with_mask
15ISOYU4M0.png,mask_weared_incorrect
0GYGKDUYQA.jpg,without_mask
CP9LD24BM0.jpg,with_mask
92VZ6HP6L3.png,mask_weared_incorrect
